Order_ID,Order_Date,Customer_Name,Product,Category,City,Quantity,Unit_Price,Payment_Method
1001,2025-01-05,Ravi,Laptop,Electronics,Hyderabad,1,55000,UPI
1002,2025-01-07,Priya,Mouse,Electronics,Delhi,2,800,Card
1003,2025-01-10,Arjun,Shoes,Fashion,Mumbai,1,2500,UPI
1004,2025-01-12,Ananya,Keyboard,Electronics,Hyderabad,1,1800,Cash
1005,2025-01-15,Rahul,T-Shirt,Fashion,Delhi,3,900,UPI
1006,2025-01-18,Sneha,Headphones,Electronics,Bangalore,2,2200,Card
1007,2025-01-20,Vikram,Jeans,Fashion,Mumbai,2,1800,UPI
1008,2025-01-23,Meena,Monitor,Electronics,Hyderabad,1,15000,Card
1009,2025-01-25,Kiran,Shoes,Fashion,Chennai,2,2500,Cash
1010,2025-01-28,Neha,Laptop,Electronics,Delhi,1,55000,UPI
1011,2025-02-02,Ravi,Keyboard,Electronics,Hyderabad,2,1800,Card
1012,2025-02-05,Priya,T-Shirt,Fashion,Delhi,2,900,UPI
1013,2025-02-08,Arjun,Headphones,Electronics,Mumbai,1,2200,Cash
1014,2025-02-12,Ananya,Jeans,Fashion,Hyderabad,1,1800,UPI
1015,2025-02-15,Rahul,Monitor,Electronics,Bangalore,2,15000,Card
1016,2025-02-18,Sneha,Shoes,Fashion,Chennai,1,2500,UPI
1017,2025-02-21,Vikram,Laptop,Electronics,Mumbai,1,55000,Card
1018,2025-02-25,Meena,Mouse,Electronics,Delhi,4,800,Cash
1019,2025-03-02,Kiran,T-Shirt,Fashion,Hyderabad,3,900,UPI
1020,2025-03-05,Neha,Headphones,Electronics,Bangalore,2,2200,Card
1021,2025-03-08,Ravi,Jeans,Fashion,Mumbai,2,1800,UPI
1022,2025-03-12,Priya,Monitor,Electronics,Hyderabad,1,15000,Card
1023,2025-03-15,Arjun,Shoes,Fashion,Delhi,2,2500,Cash
1024,2025-03-18,Ananya,Laptop,Electronics,Chennai,1,55000,UPI
1025,2025-03-22,Rahul,Mouse,Electronics,Bangalore,3,800,Card